,Time,Unix Time,Trans_Id,Name,Acc Num,Merchant Name,Merchant Acc Name,Amount,Category,Lat,Long,Is_Safe
0,2024-01-05 08:15:00,1641383700,TID123459,Bob,23456789012,EntertainmentCo,EC_Account,21.948058475152486,entertainment,34.0522,-118.2437,0
1,2024-01-05 12:30:00,1641401400,TID123463,Bob,23456789012,HealthBuddy,HB_Account,355.1190637581466,health_fitness,34.0522,-118.2437,1
2,2024-01-05 15:45:00,1641411900,TID123512,Bob,23456789012,HomeHeaven,HH_Account,6.025572531743901,home,34.0522,-118.2437,0
3,2024-01-05 19:00:00,1641422400,TID123476,Bob,23456789012,TravelGalaxy,TG_Account,1972.8173270364941,travel,34.0522,-118.2437,1
4,2024-01-05 22:15:00,1641432900,TID123456,Bob,23456789012,PetParadise,PP_Account,366.0079918238873,kids_pets,34.0522,-118.2437,0
5,2024-01-06 08:30:00,1641465000,TID123527,Bob,23456789012,HomeHeaven,HH_Account,1.955768217379114,home,34.0522,-118.2437,0
6,2024-01-06 12:45:00,1641482700,TID123469,Bob,23456789012,EateriesRUs,ER_Account,4.667726665890482,food_dining,34.0522,-118.2437,1
7,2024-01-06 16:00:00,1641493200,TID123532,Bob,23456789012,GroovyGadgets,GG_Account,142.53562067081396,misc,34.0522,-118.2437,0
8,2024-01-06 19:15:00,1641503700,TID123547,Bob,23456789012,SuperMart,SM_Account,20.498002787162996,grocery,34.0522,-118.2437,1
9,2024-01-06 22:30:00,1641514200,TID123489,Bob,23456789012,GasNGo,GNG_Account,37.824584956653005,gas_transport,34.0522,-118.2437,0
10,2024-01-07 08:45:00,1641546300,TID123537,Bob,23456789012,FashionHub,FH_Account,148.5733600167614,shopping,34.0522,-118.2437,1
11,2024-01-07 13:00:00,1641564000,TID123522,Bob,23456789012,HealthBuddy,HB_Account,498.0716079541181,health_fitness,34.0522,-118.2437,0
12,2024-01-07 16:15:00,1641574500,TID123458,Bob,23456789012,TravelGalaxy,TG_Account,1984.3357179956333,travel,34.0522,-118.2437,1
13,2024-01-07 19:30:00,1641585000,TID123461,Bob,23456789012,PetParadise,PP_Account,453.8126901706124,kids_pets,34.0522,-118.2437,0
14,2024-01-07 22:45:00,1641595500,TID123475,Bob,23456789012,HomeHeaven,HH_Account,3.1033465595438043,home,34.0522,-118.2437,0
15,2024-01-08 09:00:00,1641627600,TID123481,Bob,23456789012,EateriesRUs,ER_Account,7.535306040889808,food_dining,34.0522,-118.2437,1
16,2024-01-08 13:15:00,1641645300,TID123499,Bob,23456789012,GroovyGadgets,GG_Account,443.06399853671587,misc,34.0522,-118.2437,0
17,2024-01-08 16:30:00,1641655800,TID123541,Bob,23456789012,SuperMart,SM_Account,17.996710355392715,grocery,34.0522,-118.2437,1
18,2024-01-08 19:45:00,1641666300,TID123495,Bob,23456789012,GasNGo,GNG_Account,48.85626531482929,gas_transport,34.0522,-118.2437,0
19,2024-01-08 23:00:00,1641676800,TID123531,Bob,23456789012,FashionHub,FH_Account,150.32789058012054,shopping,34.0522,-118.2437,1
20,2024-01-09 08:15:00,1641708900,TID123501,Bob,23456789012,HealthBuddy,HB_Account,441.52266950954424,health_fitness,34.0522,-118.2437,0
21,2024-01-09 12:30:00,1641726600,TID123485,Bob,23456789012,TravelGalaxy,TG_Account,1890.8549792851861,travel,34.0522,-118.2437,1
22,2024-01-09 15:45:00,1641737100,TID123540,Bob,23456789012,PetParadise,PP_Account,364.000294275997,kids_pets,34.0522,-118.2437,0
23,2024-01-09 19:00:00,1641747600,TID123494,Bob,23456789012,HomeHeaven,HH_Account,3.357922835463955,home,34.0522,-118.2437,0
24,2024-01-09 22:15:00,1641758100,TID123545,Bob,23456789012,EateriesRUs,ER_Account,4.872933802174363,food_dining,34.0522,-118.2437,1
25,2024-01-10 08:30:00,1641790200,TID123478,Bob,23456789012,GroovyGadgets,GG_Account,315.43147370140446,misc,34.0522,-118.2437,0
26,2024-01-10 12:45:00,1641807900,TID123534,Bob,23456789012,SuperMart,SM_Account,20.479493195533397,grocery,34.0522,-118.2437,1
27,2024-01-10 16:00:00,1641818400,TID123479,Bob,23456789012,GasNGo,GNG_Account,38.56336468262664,gas_transport,34.0522,-118.2437,0
28,2024-01-10 19:15:00,1641828900,TID123470,Bob,23456789012,FashionHub,FH_Account,92.27604539966416,shopping,34.0522,-118.2437,1
29,2024-01-10 22:30:00,1641839400,TID123521,Bob,23456789012,HealthBuddy,HB_Account,336.38789244012355,health_fitness,34.0522,-118.2437,0
30,2024-01-11 08:45:00,1641871500,TID123551,Bob,23456789012,TravelGalaxy,TG_Account,1143.6755157186155,travel,34.0522,-118.2437,1
31,2024-01-11 13:00:00,1641889200,TID123484,Bob,23456789012,PetParadise,PP_Account,499.09606156649886,kids_pets,34.0522,-118.2437,0
32,2024-01-11 16:15:00,1641899700,TID123477,Bob,23456789012,HomeHeaven,HH_Account,5.356026310720065,home,34.0522,-118.2437,0
33,2024-01-11 19:30:00,1641910200,TID123500,Bob,23456789012,EateriesRUs,ER_Account,5.100554395072102,food_dining,34.0522,-118.2437,1
34,2024-01-11 22:45:00,1641920700,TID123488,Bob,23456789012,GroovyGadgets,GG_Account,229.79062787027624,misc,34.0522,-118.2437,0
35,2024-01-12 09:00:00,1641952800,TID123507,Bob,23456789012,SuperMart,SM_Account,21.634311029696107,grocery,34.0522,-118.2437,1
36,2024-01-12 13:15:00,1641970500,TID123546,Bob,23456789012,GasNGo,GNG_Account,46.8072249163482,gas_transport,34.0522,-118.2437,0
37,2024-01-12 16:30:00,1641981000,TID123520,Bob,23456789012,FashionHub,FH_Account,98.82613076611985,shopping,34.0522,-118.2437,1
38,2024-01-12 19:45:00,1641991500,TID123480,Bob,23456789012,HealthBuddy,HB_Account,1012.8807134396486,health_fitness,34.0522,-118.2437,0
39,2024-01-12 23:00:00,1642002000,TID123510,Bob,23456789012,TravelGalaxy,TG_Account,2498.4631925850877,travel,34.0522,-118.2437,1
40,2024-01-13 08:15:00,1642034100,TID123505,Bob,23456789012,PetParadise,PP_Account,525.5658261300761,kids_pets,34.0522,-118.2437,0
41,2024-01-13 12:30:00,1642051800,TID123506,Bob,23456789012,HomeHeaven,HH_Account,4.888368586670493,home,34.0522,-118.2437,0
42,2024-01-05 08:15:00,1641383700,TID123460,Bob,23456789012,SuperMart,SM_Account,20.337124322887806,grocery,40.7128,-74.006,1
43,2024-01-05 12:30:00,1641401400,TID123491,Bob,23456789012,EntertainmentCo,EC_Account,22.30724475797654,entertainment,34.0522,-118.2437,1
44,2024-01-05 15:45:00,1641411900,TID123525,Bob,23456789012,GasNGo,GNG_Account,39.23861748433661,gas_transport,37.7749,-122.4194,1
45,2024-01-05 19:00:00,1641422400,TID123533,Bob,23456789012,HomeGoods,HG_Account,1.540133906342534,home,41.8781,-87.6298,0
46,2024-01-05 22:15:00,1641432900,TID123486,Bob,23456789012,TravelGalaxy,TG_Account,1042.8504824277495,travel,35.6895,-105.943,1
47,2024-01-06 08:30:00,1641465000,TID123516,Bob,23456789012,EateriesRUs,ER_Account,3.0009512976114334,food_dining,38.9072,-77.037,1
48,2024-01-06 12:45:00,1641482700,TID123526,Bob,23456789012,GroovyGadgets,GG_Account,389.96384189492375,misc,33.4484,-112.074,0
49,2024-01-06 16:00:00,1641493200,TID123515,Bob,23456789012,SuperMart,SM_Account,18.408664671150767,grocery,41.8781,-87.6298,1
50,2024-01-06 19:15:00,1641503700,TID123535,Bob,23456789012,HealthBuddy,HB_Account,254.7567592443406,health_fitness,34.0522,-118.2437,1
51,2024-01-06 22:30:00,1641514200,TID123524,Bob,23456789012,PetParadise,PP_Account,230.70338168495826,kids_pets,36.7783,-119.4179,0
52,2024-01-07 08:45:00,1641546300,TID123544,Bob,23456789012,HomeHeaven,HH_Account,1.694136127776392,home,39.7392,-104.9903,0
53,2024-01-07 13:00:00,1641564000,TID123513,Bob,23456789012,FashionHub,FH_Account,188.2524278385304,shopping,37.7749,-122.4194,1
54,2024-01-07 16:15:00,1641574500,TID123496,Bob,23456789012,GasNGo,GNG_Account,47.774928811123445,gas_transport,34.0522,-118.2437,1
55,2024-01-07 19:30:00,1641585000,TID123462,Bob,23456789012,HealthBuddy,HB_Account,184.6531463985319,health_fitness,40.7128,-74.006,1
56,2024-01-07 22:45:00,1641595500,TID123509,Bob,23456789012,EateriesRUs,ER_Account,3.8285928279701196,food_dining,34.0522,-118.2437,1
57,2024-01-08 09:00:00,1641627600,TID123471,Bob,23456789012,SuperMart,SM_Account,17.04416226513498,grocery,37.7749,-122.4194,1
58,2024-01-08 13:15:00,1641645300,TID123517,Bob,23456789012,GroovyGadgets,GG_Account,170.17159522727138,misc,34.0522,-118.2437,0
59,2024-01-08 16:30:00,1641655800,TID123482,Bob,23456789012,TravelGalaxy,TG_Account,1082.613087097605,travel,40.7128,-74.006,1
60,2024-01-08 19:45:00,1641666300,TID123552,Bob,23456789012,PetParadise,PP_Account,448.29460120812143,kids_pets,37.7749,-122.4194,0
61,2024-01-08 23:00:00,1641676800,TID123518,Bob,23456789012,HomeGoods,HG_Account,2.9729723757838116,home,34.0522,-118.2437,0
62,2024-01-09 08:15:00,1641708900,TID123504,Bob,23456789012,EateriesRUs,ER_Account,4.917367768938434,food_dining,37.7749,-122.4194,1
63,2024-01-09 12:30:00,1641726600,TID123490,Bob,23456789012,SuperMart,SM_Account,22.236480229983208,grocery,34.0522,-118.2437,1
64,2024-01-09 15:45:00,1641737100,TID123457,Bob,23456789012,GasNGo,GNG_Account,46.77932018744908,gas_transport,36.7783,-119.4179,1
65,2024-01-09 19:00:00,1641747600,TID123497,Bob,23456789012,FashionHub,FH_Account,103.5698211863123,shopping,32.7157,-117.1611,1
66,2024-01-09 22:15:00,1641758100,TID123529,Bob,23456789012,HealthBuddy,HB_Account,666.7548900125078,health_fitness,34.0522,-118.2437,1
67,2024-01-10 08:30:00,1641790200,TID123492,Bob,23456789012,TravelGalaxy,TG_Account,2666.679505088993,travel,37.7749,-122.4194,1
68,2024-01-10 12:45:00,1641807900,TID123514,Bob,23456789012,PetParadise,PP_Account,332.2644088490555,kids_pets,34.0522,-118.2437,0
69,2024-01-10 16:00:00,1641818400,TID123487,Bob,23456789012,HomeHeaven,HH_Account,4.780165156121225,home,36.7783,-119.4179,0
70,2024-01-10 19:15:00,1641828900,TID123528,Bob,23456789012,EateriesRUs,ER_Account,8.64060883701653,food_dining,37.7749,-122.4194,1
71,2024-01-10 22:30:00,1641839400,TID123511,Bob,23456789012,GroovyGadgets,GG_Account,86.63499862265385,misc,34.0522,-118.2437,0
72,2024-01-11 08:45:00,1641871500,TID123548,Bob,23456789012,SuperMart,SM_Account,22.62417273855185,grocery,32.7157,-117.1611,1
73,2024-01-11 13:00:00,1641889200,TID123508,Bob,23456789012,GasNGo,GNG_Account,35.85969613678321,gas_transport,33.4484,-112.074,1
74,2024-01-11 16:15:00,1641899700,TID123543,Bob,23456789012,FashionHub,FH_Account,120.19135126178945,shopping,37.7749,-122.4194,1
75,2024-01-11 19:30:00,1641910200,TID123502,Bob,23456789012,HealthBuddy,HB_Account,526.1390839151896,health_fitness,34.0522,-118.2437,1
76,2024-01-11 22:45:00,1641920700,TID123465,Bob,23456789012,EateriesRUs,ER_Account,3.115405485937124,food_dining,32.7157,-117.1611,1
77,2024-01-12 09:00:00,1641952800,TID123519,Bob,23456789012,TravelGalaxy,TG_Account,2320.105703549948,travel,34.0522,-118.2437,1
78,2024-01-12 13:15:00,1641970500,TID123538,Bob,23456789012,PetParadise,PP_Account,539.6636730056692,kids_pets,37.7749,-122.4194,0
79,2024-01-12 16:30:00,1641981000,TID123493,Bob,23456789012,HomeHeaven,HH_Account,4.236399812274639,home,33.4484,-112.074,0
80,2024-01-12 19:45:00,1641991500,TID123483,Bob,23456789012,GroovyGadgets,GG_Account,226.48424087497847,misc,34.0522,-118.2437,0
81,2024-01-12 23:00:00,1642002000,TID123498,Bob,23456789012,SuperMart,SM_Account,19.695156234005395,grocery,37.7749,-122.4194,1
82,2024-01-13 08:15:00,1642034100,TID123503,Bob,23456789012,GasNGo,GNG_Account,37.66500346111594,gas_transport,34.0522,-118.2437,1
83,2024-01-13 12:30:00,1642051800,TID123464,Bob,23456789012,FashionHub,FH_Account,202.39019623191496,shopping,39.7392,-104.9903,1
84,2024-01-13 16:45:00,1642062300,TID123467,Bob,23456789012,HealthBuddy,HB_Account,1041.093112610954,health_fitness,40.7128,-74.006,1
85,2024-01-13 20:00:00,1642072800,TID123472,Bob,23456789012,TravelGalaxy,TG_Account,571.2975507380986,travel,37.7749,-122.4194,1
86,2024-01-13 23:15:00,1642083300,TID123550,Bob,23456789012,PetParadise,PP_Account,310.1885201443953,kids_pets,34.0522,-118.2437,0
87,2024-01-14 08:30:00,1642115400,TID123539,Bob,23456789012,HomeGoods,HG_Account,3.9610904159825,home,41.8781,-87.6298,0
88,2024-01-14 12:45:00,1642133100,TID123474,Bob,23456789012,EateriesRUs,ER_Account,7.213486381463729,food_dining,38.9072,-77.037,1
89,2024-01-14 16:00:00,1642143600,TID123542,Bob,23456789012,GroovyGadgets,GG_Account,244.70468152043253,misc,33.4484,-112.074,0
90,2024-01-14 19:15:00,1642154100,TID123536,Bob,23456789012,SuperMart,SM_Account,22.342017749713357,grocery,41.8781,-87.6298,1
91,2024-01-14 22:30:00,1642164600,TID123523,Bob,23456789012,HealthBuddy,HB_Account,710.2428763021364,health_fitness,34.0522,-118.2437,1
92,2024-01-15 08:45:00,1642196700,TID123468,Bob,23456789012,PetParadise,PP_Account,456.12603360831986,kids_pets,36.7783,-119.4179,0
93,2024-01-15 13:00:00,1642214400,TID123466,Bob,23456789012,HomeHeaven,HH_Account,3.584127814549869,home,39.7392,-104.9903,0
94,2024-01-15 16:15:00,1642224900,TID123473,Bob,23456789012,EateriesRUs,ER_Account,4.815543911536307,food_dining,38.9072,-77.037,1
95,2024-01-15 19:30:00,1642235400,TID123530,Bob,23456789012,GroovyGadgets,GG_Account,306.91684694796487,misc,34.0522,-118.2437,0
96,2024-01-15 22:45:00,1642245900,TID123549,Bob,23456789012,SuperMart,SM_Account,19.489778610226686,grocery,41.8781,-87.6298,1
